,me_ce,ee_ce,l_chemo,lin_sat_cf,ve_dir,ve_der,ve_sec,n_regions,mean_l_area,std_l_area,len_network,mean_n_width,std_n_width
sim_110,4.0,4.44,13.79,0.1,1.0,0.3,0.3,1.0,2454.0,0.0,1861.0,5.9525316265556185,2.847349552757073
sim_111,4.0,3.53,31.18,0.1,1.0,0.3,0.3,0.0,0.0,0.0,1924.0,6.0568716104224,2.987041078218924
sim_112,4.0,6.99,14.04,0.1,1.0,0.3,0.3,8.0,346.375,236.44816424535844,2759.0,4.045901858756523,1.9286889042646937
sim_113,4.0,7.54,51.69,0.1,1.0,0.3,0.3,23.0,706.0869565217391,472.24799242729114,3072.0,3.6778987079348853,1.6815330153377608
sim_114,4.0,1.42,288.06,0.1,1.0,0.3,0.3,41.0,495.0975609756098,385.0574112960964,3547.0,2.5614222692083994,1.0462310767667282
sim_115,4.0,13.63,321.7,0.1,1.0,0.3,0.3,61.0,347.24590163934425,332.1549932371689,4594.0,1.8892909904027766,0.7381456824884682
sim_116,4.0,11.18,483.15,0.1,1.0,0.3,0.3,66.0,356.1969696969697,295.20825826591135,4500.0,1.7616268594975832,0.6503022605826498
sim_117,4.0,5.74,485.97,0.1,1.0,0.3,0.3,62.0,376.14516129032256,253.4413367749316,4072.0,1.8787215301421543,0.6458441344256914
sim_118,4.0,13.74,311.46,0.1,1.0,0.3,0.3,62.0,328.83870967741933,319.54843105839757,4711.0,1.8972224258761103,0.7339852097620895
sim_119,4.0,13.78,513.22,0.1,1.0,0.3,0.3,61.0,367.4918032786885,224.4729800783889,4589.0,1.666983032205902,0.6116715414230982
sim_90,4.0,8.91,40.08,0.1,1.0,0.3,0.3,20.0,720.85,1059.4856900874122,3567.0,3.1575425951451686,1.4550301966297323
sim_91,4.0,3.89,101.16,0.1,1.0,0.3,0.3,27.0,672.3333333333334,883.3679238510355,2678.0,4.202221467263049,1.8549023145931414
sim_92,4.0,9.81,141.83,0.1,1.0,0.3,0.3,53.0,358.1320754716981,262.6413034048205,3819.0,2.643459305358001,1.0741429240871876
sim_93,4.0,8.02,279.71,0.1,1.0,0.3,0.3,62.0,324.5483870967742,258.5949427828828,4081.0,2.2336482231669987,0.8681997311635195
sim_94,4.0,9.98,26.76,0.1,1.0,0.3,0.3,0.0,0.0,0.0,2965.0,2.1847027905291476,0.936477121996108
sim_95,4.0,8.73,416.65,0.1,1.0,0.3,0.3,64.0,352.28125,306.42752348383704,4167.0,1.9517771840927292,0.7359740051809204
sim_96,4.0,5.94,557.27,0.1,1.0,0.3,0.3,61.0,384.59016393442624,299.34958876987696,4057.0,1.8041872782915587,0.6505705257670522
sim_97,4.0,5.37,519.68,0.1,1.0,0.3,0.3,64.0,352.125,259.5770899463202,4010.0,1.8698519224349281,0.6974573862414553
sim_98,4.0,1.21,255.99,0.1,1.0,0.3,0.3,39.0,514.4358974358975,352.7683771855739,3301.0,2.814956630386512,1.1731288190115585
sim_99,4.0,1.69,400.03,0.1,1.0,0.3,0.3,50.0,486.28,392.20805907069274,3821.0,2.2207535794138376,0.8592061566987634
sim_170,4.0,4.15,61.57,0.1,1.0,0.3,0.3,20.0,729.85,498.8189325797489,2380.0,4.704350239858733,1.923476303375907
sim_171,4.0,5.01,103.72,0.1,1.0,0.3,0.3,35.0,589.3714285714286,490.27561261654716,2837.0,3.757290496530893,1.6411836183888706
sim_172,4.0,8.1,97.8,0.1,1.0,0.3,0.3,42.0,450.6904761904762,274.71183933569705,3484.0,3.0957745366300977,1.3179816162377833
sim_173,4.0,14.93,108.35,0.1,1.0,0.3,0.3,1.0,17.0,0.0,3382.0,2.0632107912508304,0.8629250523684505
sim_174,4.0,2.34,244.72,0.1,1.0,0.3,0.3,33.0,604.1212121212121,396.86680137660096,3302.0,2.9967660732240065,1.4155017028875323
sim_175,4.0,5.66,596.78,0.1,1.0,0.3,0.3,61.0,428.0327868852459,312.9512069659,3980.0,1.770851057449101,0.6143314376181436
sim_176,4.0,11.51,357.56,0.1,1.0,0.3,0.3,65.0,342.75384615384615,258.5981159291966,4488.0,1.9044309032859046,0.745256163494398
sim_177,4.0,14.06,253.22,0.1,1.0,0.3,0.3,48.0,388.4375,384.7250590925291,4673.0,1.9622775310510707,0.7910881185776139
sim_178,4.0,14.61,377.3,0.1,1.0,0.3,0.3,56.0,393.8392857142857,384.22774016691653,4813.0,1.7740961946824207,0.672310147382812
sim_179,4.0,11.46,534.25,0.1,1.0,0.3,0.3,65.0,361.1384615384615,267.9827707965327,4369.0,1.699358774414762,0.6147484218365485
sim_0,4.0,1.96,63.35,0.1,1.0,0.3,0.3,5.0,918.4,1585.455719974544,2103.0,6.017620044297177,3.133174057237101
sim_1,4.0,9.47,86.59,0.1,1.0,0.3,0.3,45.0,411.8666666666667,275.19945090384493,3711.0,2.8573949736345696,1.2235645412852043
sim_2,4.0,3.51,159.47,0.1,1.0,0.3,0.3,29.0,657.2413793103449,434.4968279057587,3051.0,3.3926632475333065,1.4517803926341233
sim_3,4.0,14.85,24.25,0.1,1.0,0.3,0.3,0.0,0.0,0.0,2663.0,2.275713162789592,0.9614554554530061
sim_4,4.0,8.98,235.43,0.1,1.0,0.3,0.3,56.0,403.85714285714283,272.92630013636,4056.0,2.3260104613034707,0.8806660943877948
sim_5,4.0,11.69,16.81,0.1,1.0,0.3,0.3,0.0,0.0,0.0,2727.0,2.247741434112332,0.9617290878831809
sim_6,4.0,1.34,237.56,0.1,1.0,0.3,0.3,44.0,467.02272727272725,414.2005162542524,3268.0,2.8532108439942614,1.1070081072336353
sim_7,4.0,6.59,331.42,0.1,1.0,0.3,0.3,60.0,361.4,290.93511304069165,3940.0,2.1709811447655962,0.8023052168286303
sim_8,4.0,10.05,350.61,0.1,1.0,0.3,0.3,62.0,346.8709677419355,242.6017900015717,4354.0,1.9830160281169265,0.7638683975569753
sim_9,4.0,13.26,460.98,0.1,1.0,0.3,0.3,61.0,357.0983606557377,317.15046358895586,4600.0,1.7532374334755592,0.6856176378553104
sim_100,4.0,6.93,60.17,0.1,1.0,0.3,0.3,32.0,553.375,425.9765801954375,3043.0,3.591699979101877,1.5368579861042684
sim_101,4.0,7.28,49.84,0.1,1.0,0.3,0.3,31.0,559.5806451612904,478.3457903120516,3251.0,3.558316546035153,1.686802983638947
sim_102,4.0,10.27,170.47,0.1,1.0,0.3,0.3,52.0,391.59615384615387,252.25081074927914,4119.0,2.4272892743532517,1.0010859436350257
sim_103,4.0,14.27,37.5,0.1,1.0,0.3,0.3,0.0,0.0,0.0,2647.0,2.272981201216872,0.9451172806868066
sim_104,4.0,10.73,27.85,0.1,1.0,0.3,0.3,0.0,0.0,0.0,2816.0,2.235127233646385,0.9482049425354311
sim_105,4.0,2.4,289.48,0.1,1.0,0.3,0.3,44.0,515.1818181818181,401.36371357973104,3551.0,2.574501675719402,1.09100969142412
sim_106,4.0,3.07,329.67,0.1,1.0,0.3,0.3,48.0,506.8541666666667,348.6469076768628,3665.0,2.4092090819092786,0.9633506517499351
sim_107,4.0,5.79,583.68,0.1,1.0,0.3,0.3,63.0,373.73015873015873,266.5315256584407,4054.0,1.7603786064889042,0.6414259894573645
sim_108,4.0,13.32,238.27,0.1,1.0,0.3,0.3,56.0,385.82142857142856,317.4295820190934,4599.0,2.062022835649365,0.894322204676847
sim_109,4.0,14.47,471.6,0.1,1.0,0.3,0.3,58.0,353.2241379310345,314.4579377115071,4766.0,1.6870532746719578,0.639360624347022
sim_160,4.0,4.85,168.6,0.1,1.0,0.3,0.3,35.0,533.7142857142857,399.35809719588553,3222.0,3.1387547912883034,1.3213567736585037
sim_161,4.0,8.66,172.87,0.1,1.0,0.3,0.3,46.0,448.5,284.8822601951779,3654.0,2.7580811978858244,1.2041229276372
sim_162,4.0,3.93,231.76,0.1,1.0,0.3,0.3,43.0,500.16279069767444,376.90150031679264,3458.0,2.724285707936305,1.053739465428663
sim_163,4.0,13.03,164.27,0.1,1.0,0.3,0.3,43.0,322.4418604651163,279.25726259636957,4550.0,2.1683121657369004,0.8894771524129251
sim_164,4.0,10.51,281.65,0.1,1.0,0.3,0.3,60.0,372.2,278.99837514461143,4313.0,2.118657749953438,0.8277573440006046
sim_165,4.0,5.98,599.01,0.1,1.0,0.3,0.3,59.0,377.3898305084746,259.550459935084,4120.0,1.7479061487884806,0.6306637110113803
sim_166,4.0,4.71,555.6,0.1,1.0,0.3,0.3,53.0,427.1509433962264,298.3808125392161,3987.0,1.840470257011339,0.7074990186202137
sim_167,4.0,12.67,497.37,0.1,1.0,0.3,0.3,67.0,321.5074626865672,257.36752123973304,4449.0,1.7370277877328277,0.6620743662475952
sim_168,4.0,12.87,450.4,0.1,1.0,0.3,0.3,66.0,359.9848484848485,298.1791454826018,4609.0,1.7498233044253837,0.6624785182208612
sim_169,4.0,14.57,444.6,0.1,1.0,0.3,0.3,55.0,404.9818181818182,436.14349143827303,4746.0,1.7184189381974808,0.6546914120776323
sim_70,4.0,5.68,225.07,0.1,1.0,0.3,0.3,47.0,459.27659574468083,313.42281293008455,3659.0,2.640796246881893,1.1083484253255278
sim_71,4.0,1.47,132.03,0.1,1.0,0.3,0.3,19.0,877.7368421052631,742.6040839402679,2551.0,4.34331381119884,1.9745519094949755
sim_72,4.0,3.28,229.72,0.1,1.0,0.3,0.3,34.0,585.6176470588235,387.11041248368304,3339.0,2.906591047904998,1.2650083005475332
sim_73,4.0,5.28,261.44,0.1,1.0,0.3,0.3,43.0,497.4418604651163,339.40298489358963,3564.0,2.604156971962697,1.1603071116407953
sim_74,4.0,7.62,353.79,0.1,1.0,0.3,0.3,63.0,349.07936507936506,216.6567251629338,3936.0,2.1301245396194375,0.7701680833463489
sim_75,4.0,2.58,368.18,0.1,1.0,0.3,0.3,51.0,437.05882352941177,269.6579105026499,3717.0,2.2827287740833495,0.9293394473091641
sim_76,4.0,5.09,581.91,0.1,1.0,0.3,0.3,58.0,385.1034482758621,248.77227432105053,3946.0,1.7910856565648847,0.6209062638479741
sim_77,4.0,12.56,317.6,0.1,1.0,0.3,0.3,67.0,310.92537313432837,223.46072568433192,4641.0,1.899633212898625,0.7281187087550864
sim_78,4.0,12.95,529.51,0.1,1.0,0.3,0.3,64.0,378.171875,264.584081312509,4517.0,1.6890609083938202,0.6410656841764033
sim_79,4.0,1.85,503.22,0.1,1.0,0.3,0.3,50.0,474.18,333.66754052499624,3794.0,2.0311993811207354,0.8043806503750184
sim_180,4.0,8.43,79.95,0.1,1.0,0.3,0.3,39.0,463.9230769230769,363.9614930755925,3420.0,3.12866241710358,1.3307246916435358
sim_181,4.0,1.16,21.79,0.1,1.0,0.3,0.3,0.0,0.0,0.0,1349.0,8.304549503701129,4.914576677158469
sim_182,4.0,1.89,66.6,0.1,1.0,0.3,0.3,8.0,1950.625,2019.9332252267648,1996.0,5.705954667314445,2.504044258230624
sim_183,4.0,13.07,192.02,0.1,1.0,0.3,0.3,49.0,392.1224489795918,346.2357126001256,4462.0,2.1481904822712825,0.8924842923917161
sim_184,4.0,8.59,339.35,0.1,1.0,0.3,0.3,63.0,346.6666666666667,234.2788326515467,4087.0,2.0624481175566443,0.7854126107595772
sim_185,4.0,1.4,335.73,0.1,1.0,0.3,0.3,46.0,463.7608695652174,392.80275970775267,3693.0,2.4255170456764388,0.9981827594281975
sim_186,4.0,2.12,328.08,0.1,1.0,0.3,0.3,50.0,447.02,400.9563811688249,3626.0,2.4125637536189477,0.9500773656350631
sim_187,4.0,9.61,387.87,0.1,1.0,0.3,0.3,63.0,349.3015873015873,289.20013583833094,4300.0,1.9481281185511212,0.7439095945565292
sim_188,4.0,10.06,574.27,0.1,1.0,0.3,0.3,64.0,385.21875,327.6857044462536,4311.0,1.6966369561403694,0.6113924088976534
sim_189,4.0,2.23,564.05,0.1,1.0,0.3,0.3,50.0,463.74,336.5556007556552,3776.0,1.9007860155354117,0.707174059382595
sim_190,4.0,8.61,107.3,0.1,1.0,0.3,0.3,47.0,419.468085106383,308.44530195901586,3616.0,2.950197917470298,1.239618104181322
sim_191,4.0,4.52,243.41,0.1,1.0,0.3,0.3,43.0,485.5348837209302,443.4792855253814,3394.0,2.7587728716415976,1.149524073549664
sim_192,4.0,6.84,313.85,0.1,1.0,0.3,0.3,57.0,368.03508771929825,284.8517598412224,3965.0,2.2292057149645976,0.8597039074531635
sim_193,4.0,7.67,333.21,0.1,1.0,0.3,0.3,60.0,352.8333333333333,296.2525480434257,4106.0,2.120729681318433,0.8091488661858427
sim_194,4.0,4.31,432.32,0.1,1.0,0.3,0.3,58.0,386.48275862068965,309.72525318636116,3909.0,2.037845285061658,0.7504841784187091
sim_195,4.0,1.07,227.23,0.1,1.0,0.3,0.3,34.0,544.2941176470588,454.26278540145904,3276.0,2.983396717877027,1.2598150703776205
sim_196,4.0,1.98,364.74,0.1,1.0,0.3,0.3,53.0,404.66037735849056,344.20737186344604,3629.0,2.3051192086288204,0.9209657881387278
sim_197,4.0,4.26,438.7,0.1,1.0,0.3,0.3,59.0,382.1694915254237,268.1662874287161,3953.0,2.004954868432103,0.7356961440912646
sim_198,4.0,13.32,345.34,0.1,1.0,0.3,0.3,66.0,322.25757575757575,318.6250437476846,4698.0,1.8757094683580167,0.719800290181268
sim_199,4.0,10.41,549.64,0.1,1.0,0.3,0.3,68.0,365.8382352941176,294.8775723172404,4292.0,1.7109349000205663,0.6007598457862645
sim_210,4.0,10.84,67.22,0.1,1.0,0.3,0.3,9.0,20.11111111111111,16.789179348910313,4209.0,2.4596305776463545,1.2220226279366386
sim_211,4.0,11.62,208.66,0.1,1.0,0.3,0.3,63.0,328.6984126984127,234.19193287996046,4369.0,2.187706350433454,0.8853617295290942
sim_212,4.0,12.1,198.6,0.1,1.0,0.3,0.3,56.0,356.32142857142856,267.69159407948604,4407.0,2.189250586968065,0.8684849173775596
sim_213,4.0,6.26,338.11,0.1,1.0,0.3,0.3,51.0,419.4901960784314,329.40364252358336,3962.0,2.234913403479902,0.9400844362583602
sim_214,4.0,4.4,324.93,0.1,1.0,0.3,0.3,56.0,402.69642857142856,312.02609321078864,3741.0,2.3101795795806264,0.8747468461897647
sim_215,4.0,8.3,480.92,0.1,1.0,0.3,0.3,67.0,343.04477611940297,229.60273496965772,4249.0,1.8270682039956432,0.6695967345286392
sim_216,4.0,4.62,577.59,0.1,1.0,0.3,0.3,63.0,381.7142857142857,378.5738664192246,3928.0,1.8342906186071513,0.6637938879464996
sim_217,4.0,6.11,536.37,0.1,1.0,0.3,0.3,68.0,367.47058823529414,316.6013205812187,4017.0,1.8414301362536591,0.6588845344572277
sim_218,4.0,1.71,478.27,0.1,1.0,0.3,0.3,58.0,395.2586206896552,307.11749747168415,3856.0,2.012277814923674,0.7482770165462219
sim_219,4.0,13.5,401.81,0.1,1.0,0.3,0.3,65.0,338.7692307692308,277.7373839400627,4706.0,1.7723565642794792,0.6787854293657083
sim_270,4.0,11.76,136.91,0.1,1.0,0.3,0.3,50.0,374.62,284.4632060566006,4162.0,2.4237342781870965,1.0387010845621198
sim_271,4.0,5.58,223.17,0.1,1.0,0.3,0.3,48.0,457.8333333333333,386.08976359851295,3736.0,2.621902036599006,1.0642316595803492
sim_272,4.0,8.28,189.31,0.1,1.0,0.3,0.3,50.0,408.48,254.38358752089334,3810.0,2.565186333989768,1.0575947881651688
sim_273,4.0,13.22,232.8,0.1,1.0,0.3,0.3,55.0,376.03636363636366,273.3893636047888,4546.0,2.08702598392251,0.8788328507036113
sim_274,4.0,9.5,304.82,0.1,1.0,0.3,0.3,60.0,340.78333333333336,237.31688320799165,4119.0,2.1353719728203067,0.8063429577216156
sim_275,4.0,12.45,319.99,0.1,1.0,0.3,0.3,67.0,338.1194029850746,312.36576925557745,4679.0,1.9083958872839923,0.740141391430184
sim_276,4.0,10.9,398.05,0.1,1.0,0.3,0.3,68.0,320.9117647058824,236.89975140242942,4450.0,1.882713420580485,0.737820398207501
sim_277,4.0,1.63,545.4,0.1,1.0,0.3,0.3,56.0,439.23214285714283,332.4751328548298,3927.0,1.9330146178566916,0.7422609406811941
sim_278,4.0,11.01,418.03,0.1,1.0,0.3,0.3,69.0,335.0869565217391,279.1775570861532,4543.0,1.8194721162824066,0.6831990394562338
sim_279,4.0,13.96,349.7,0.1,1.0,0.3,0.3,55.0,369.94545454545454,355.6148794402996,4709.0,1.865369452780753,0.7336450005532132
sim_200,4.0,4.05,81.58,0.1,1.0,0.3,0.3,22.0,809.6363636363636,703.766654603805,2463.0,4.4922117164212745,2.047422300537784
sim_201,4.0,6.03,113.41,0.1,1.0,0.3,0.3,35.0,488.51428571428573,351.65343096606364,3041.0,3.507649802552905,1.5403944599291204
sim_202,4.0,7.41,147.63,0.1,1.0,0.3,0.3,42.0,469.76190476190476,293.88690807728915,3413.0,2.9410224173403856,1.1935306755782686
sim_203,4.0,11.43,195.27,0.1,1.0,0.3,0.3,55.0,386.90909090909093,292.84766581262147,4234.0,2.346820330509523,1.03161720269063
sim_204,4.0,1.52,187.74,0.1,1.0,0.3,0.3,28.0,711.6785714285714,685.1216812451967,3042.0,3.371354681920389,1.4372165947822215
sim_205,4.0,9.57,408.71,0.1,1.0,0.3,0.3,65.0,352.4307692307692,279.26204783490857,4301.0,1.8954658291526723,0.6865714919141525
sim_206,4.0,4.88,586.41,0.1,1.0,0.3,0.3,66.0,361.8333333333333,278.5689938658542,3996.0,1.781948495337982,0.6393306218591345
sim_207,4.0,2.52,554.08,0.1,1.0,0.3,0.3,53.0,407.60377358490564,291.6495273066851,3856.0,1.9289086972522727,0.7209131722890718
sim_208,4.0,12.73,514.57,0.1,1.0,0.3,0.3,61.0,354.344262295082,306.0583296621795,4487.0,1.6965898364388095,0.6037440927801503
sim_209,4.0,12.32,569.04,0.1,1.0,0.3,0.3,66.0,368.1212121212121,327.3286049379919,4548.0,1.6233249221454626,0.5637043082906168
sim_80,4.0,4.18,34.96,0.1,1.0,0.3,0.3,8.0,1025.0,1532.0784085679165,2094.0,5.726857441479761,2.536298042604263
sim_81,4.0,5.48,43.16,0.1,1.0,0.3,0.3,14.0,915.8571428571429,685.4700011298668,2575.0,4.38794533167845,1.940251669990344
sim_82,4.0,13.12,184.27,0.1,1.0,0.3,0.3,49.0,378.6734693877551,289.0395345993913,4489.0,2.1604991346460274,0.910012254903519
sim_83,4.0,8.19,579.37,0.1,1.0,0.3,0.3,66.0,369.1363636363636,273.13155262862307,4192.0,1.7170757659061213,0.60758567800981
sim_84,4.0,6.08,566.69,0.1,1.0,0.3,0.3,59.0,388.7457627118644,310.52823192268437,3967.0,1.7950958038478517,0.6372327991690323
sim_85,4.0,13.86,315.85,0.1,1.0,0.3,0.3,63.0,324.1587301587302,282.61282092426103,4735.0,1.8708625658263962,0.735277876356968
sim_86,4.0,11.97,466.37,0.1,1.0,0.3,0.3,64.0,340.890625,253.85244958855404,4387.0,1.7819998078228252,0.6606907328904703
sim_87,4.0,14.89,404.53,0.1,1.0,0.3,0.3,59.0,368.22033898305085,408.9820379710286,4798.0,1.7298308771156048,0.6489921139137096
sim_88,4.0,13.57,465.98,0.1,1.0,0.3,0.3,64.0,332.578125,285.46238832197207,4620.0,1.7396720328279691,0.6534557534060017
sim_89,4.0,1.13,504.98,0.1,1.0,0.3,0.3,61.0,358.57377049180326,292.4821114897817,3885.0,1.9822564146212873,0.7670015803925555
sim_260,4.0,6.29,19.52,0.1,1.0,0.3,0.3,10.0,1202.0,2112.481195182575,2450.0,4.523323928513589,2.0478833834039745
sim_261,4.0,4.48,182.96,0.1,1.0,0.3,0.3,36.0,563.4722222222222,379.38147659572235,3248.0,3.0705279489272153,1.2576606583675893
sim_262,4.0,9.04,11.53,0.1,1.0,0.3,0.3,0.0,0.0,0.0,3144.0,2.193598146643383,0.9315763791432108
sim_263,4.0,2.37,515.99,0.1,1.0,0.3,0.3,58.0,424.1034482758621,319.859650776721,3824.0,1.9533770731232516,0.7052240939933503
sim_264,4.0,2.18,561.85,0.1,1.0,0.3,0.3,55.0,457.0,334.1798644714876,3823.0,1.8878759309887698,0.6788034058197793
sim_265,4.0,14.15,300.77,0.1,1.0,0.3,0.3,52.0,367.36538461538464,339.7304943654236,4701.0,1.9229843547666177,0.8067096100160632
sim_266,4.0,1.77,495.27,0.1,1.0,0.3,0.3,55.0,421.03636363636366,320.7329653174465,3787.0,2.0083317875988476,0.7454690516157262
sim_267,4.0,12.37,492.56,0.1,1.0,0.3,0.3,61.0,370.1803278688525,297.87556584547406,4550.0,1.717232028655263,0.65458139075532
sim_268,4.0,13.99,430.51,0.1,1.0,0.3,0.3,68.0,343.3529411764706,372.60252298985887,4718.0,1.745025367076315,0.6470257313284887
sim_269,4.0,1.32,590.67,0.1,1.0,0.3,0.3,52.0,432.5769230769231,351.09709078795186,3808.0,1.8549445437952528,0.685297322420343
sim_280,4.0,8.83,119.66,0.1,1.0,0.3,0.3,50.0,400.9,243.77704978114735,3635.0,2.8005151222035773,1.104213912836731
sim_281,4.0,10.17,201.28,0.1,1.0,0.3,0.3,54.0,385.72222222222223,268.06290145374925,4134.0,2.352972655281563,0.9495231369532126
sim_282,4.0,10.68,262.34,0.1,1.0,0.3,0.3,63.0,334.0952380952381,275.9906666403093,4304.0,2.1380505742494784,0.8536353281993375
sim_283,4.0,2.96,309.19,0.1,1.0,0.3,0.3,42.0,512.3571428571429,403.70733278480054,3607.0,2.44498078608977,1.0113855208373401
sim_284,4.0,10.2,275.47,0.1,1.0,0.3,0.3,59.0,346.3728813559322,252.66658531031712,4390.0,2.1344970304561657,0.8718345873517186
sim_285,4.0,3.58,346.57,0.1,1.0,0.3,0.3,49.0,450.53061224489795,333.2190002447564,3754.0,2.3030999500466867,0.932279809965536
sim_286,4.0,6.63,392.68,0.1,1.0,0.3,0.3,61.0,359.42622950819674,318.805529860117,4028.0,2.040235939804442,0.7578122559007895
sim_287,4.0,7.36,380.75,0.1,1.0,0.3,0.3,62.0,368.258064516129,262.1569300692825,4102.0,2.0163194575318073,0.7311982439768486
sim_288,4.0,14.23,454.99,0.1,1.0,0.3,0.3,55.0,400.94545454545454,409.5252425645098,4774.0,1.7021964389236102,0.6411501974834299
sim_289,4.0,14.38,497.94,0.1,1.0,0.3,0.3,59.0,361.7457627118644,477.37944944585945,4719.0,1.6623688222201882,0.5963412840766618
sim_10,4.0,5.2,186.39,0.1,1.0,0.3,0.3,37.0,547.6216216216217,418.0235575510555,3334.0,3.052587244031284,1.31301281763323
sim_11,4.0,8.16,161.85,0.1,1.0,0.3,0.3,48.0,430.25,304.30340533750194,3604.0,2.7413330832643803,1.119680035389642
sim_12,4.0,7.24,180.0,0.1,1.0,0.3,0.3,45.0,458.2,298.2503497250441,3618.0,2.7179186135903413,1.111468285089775
sim_13,4.0,11.31,70.72,0.1,1.0,0.3,0.3,19.0,17.94736842105263,9.77361477173984,4313.0,2.1370010862191617,0.8473175140412647
sim_14,4.0,7.46,323.28,0.1,1.0,0.3,0.3,58.0,347.9655172413793,240.7565636672662,4074.0,2.1346746643692254,0.7901346881761319
sim_15,4.0,7.32,521.48,0.1,1.0,0.3,0.3,61.0,398.40983606557376,342.50884287013,3997.0,1.8678768299018258,0.6861165630986383
sim_16,4.0,12.43,396.55,0.1,1.0,0.3,0.3,68.0,340.61764705882354,325.8755640087073,4484.0,1.842895185452314,0.6956854115294616
sim_17,4.0,11.06,458.8,0.1,1.0,0.3,0.3,64.0,351.625,290.2281699370342,4377.0,1.8120266955775384,0.6983089101686009
sim_18,4.0,13.81,559.39,0.1,1.0,0.3,0.3,62.0,379.56451612903226,289.67204041632914,4611.0,1.6215095212376582,0.5790998386565317
sim_19,4.0,14.43,355.87,0.1,1.0,0.3,0.3,59.0,354.4406779661017,375.454403613489,4786.0,1.811595505647267,0.7179465556172238
sim_290,4.0,6.42,129.79,0.1,1.0,0.3,0.3,37.0,521.8378378378378,354.87451253841704,3307.0,3.1820941669848155,1.347334732864762
sim_291,4.0,10.59,117.74,0.1,1.0,0.3,0.3,49.0,408.9183673469388,281.11613089681583,3986.0,2.6208840008591126,1.1406412177843508
sim_292,4.0,10.63,91.54,0.1,1.0,0.3,0.3,31.0,523.4193548387096,598.5370753705505,4114.0,2.637578176454187,1.2061106900029432
sim_293,4.0,11.25,174.04,0.1,1.0,0.3,0.3,52.0,374.59615384615387,250.33448851297587,4187.0,2.3306595665439227,0.9397066958118507
sim_294,4.0,6.82,362.68,0.1,1.0,0.3,0.3,56.0,400.9642857142857,292.35057015054196,4003.0,2.102224480701252,0.816142239930062
sim_295,4.0,6.35,477.27,0.1,1.0,0.3,0.3,62.0,374.93548387096774,275.19816150500276,4066.0,1.9326578143233493,0.7198291388682577
sim_296,4.0,12.18,268.73,0.1,1.0,0.3,0.3,61.0,333.24590163934425,277.67357033670186,4444.0,2.0677844149780027,0.8611587227958305
sim_297,4.0,6.76,527.57,0.1,1.0,0.3,0.3,65.0,368.5846153846154,336.4211596888497,4094.0,1.8284145887247814,0.637216746574154
sim_298,4.0,9.69,593.66,0.1,1.0,0.3,0.3,67.0,355.85074626865674,278.91700224481497,4285.0,1.6688881435592609,0.5950929211678463
sim_299,4.0,11.16,547.99,0.1,1.0,0.3,0.3,68.0,330.02941176470586,245.4554572379463,4351.0,1.7058637726632562,0.6170628416532914
sim_60,4.0,3.84,46.69,0.1,1.0,0.3,0.3,6.0,783.5,656.4225646131715,2220.0,5.48631537760703,2.608351343394094
sim_61,4.0,7.81,76.58,0.1,1.0,0.3,0.3,41.0,467.1951219512195,364.94250930544644,3337.0,3.194568470405216,1.3504815115599282
sim_62,4.0,12.51,122.27,0.1,1.0,0.3,0.3,21.0,420.57142857142856,664.3632520031831,4556.0,2.2557408282751354,0.9597246580411773
sim_63,4.0,4.0,390.48,0.1,1.0,0.3,0.3,61.0,379.655737704918,297.4492592213688,3780.0,2.138079621917835,0.7866556874206969
sim_64,4.0,8.99,298.21,0.1,1.0,0.3,0.3,62.0,354.93548387096774,268.31534594563755,4197.0,2.1419044426152865,0.817108253039196
sim_65,4.0,7.13,294.54,0.1,1.0,0.3,0.3,49.0,445.0816326530612,261.3881183951382,3978.0,2.2793430922498787,0.9470229583276156
sim_66,4.0,6.48,531.49,0.1,1.0,0.3,0.3,55.0,409.6181818181818,313.1947109102399,4034.0,1.8419873244472467,0.6614559289597022
sim_67,4.0,5.15,565.64,0.1,1.0,0.3,0.3,57.0,404.36842105263156,310.0900056989083,4017.0,1.8179548489004622,0.6799113182010939
sim_68,4.0,10.34,474.73,0.1,1.0,0.3,0.3,64.0,357.46875,308.30874180508977,4286.0,1.8335327439432574,0.7024960170867646
sim_69,4.0,12.77,453.97,0.1,1.0,0.3,0.3,63.0,310.1587301587302,300.7356169672512,4549.0,1.7673799117609008,0.6482468973978155
sim_120,4.0,2.72,88.93,0.1,1.0,0.3,0.3,15.0,787.0,754.6704357974193,2362.0,4.842139293847565,2.1032623376980175
sim_121,4.0,9.66,126.2,0.1,1.0,0.3,0.3,52.0,375.36538461538464,261.7812525495104,3844.0,2.693655289438391,1.1227690588986798
sim_122,4.0,6.18,265.25,0.1,1.0,0.3,0.3,55.0,387.8,276.0605598908919,3816.0,2.392517091084326,0.8983576432816496
sim_123,4.0,13.15,145.2,0.1,1.0,0.3,0.3,27.0,464.74074074074076,425.45614672329805,4669.0,2.1587978453646213,0.8930317816527199
sim_124,4.0,9.25,272.2,0.1,1.0,0.3,0.3,57.0,367.2456140350877,258.11722351918814,4119.0,2.2088206723864308,0.8819433267540044
sim_125,4.0,13.55,259.68,0.1,1.0,0.3,0.3,54.0,354.9074074074074,276.41322183352514,4555.0,2.0261704673543317,0.8500086388845232
sim_126,4.0,14.69,305.82,0.1,1.0,0.3,0.3,55.0,357.1272727272727,344.29110592612574,4686.0,1.8776691380138415,0.7421296307071228
sim_127,4.0,13.39,539.82,0.1,1.0,0.3,0.3,61.0,393.60655737704917,526.513284396059,4591.0,1.6452566280714391,0.6052415198562454
sim_128,4.0,10.53,585.57,0.1,1.0,0.3,0.3,67.0,337.97014925373134,275.1182633167516,4379.0,1.6758236354765972,0.6050489233444677
sim_129,4.0,14.8,457.19,0.1,1.0,0.3,0.3,60.0,366.96666666666664,347.00734702436614,4815.0,1.6839999077317505,0.5933789853113212
sim_140,4.0,5.89,53.83,0.1,1.0,0.3,0.3,26.0,633.2307692307693,762.2091025278637,2821.0,4.1227964623464315,1.8267956751893204
sim_141,4.0,11.8,87.51,0.1,1.0,0.3,0.3,12.0,26.5,30.131655558011854,4479.0,2.321676152113757,1.1461987696974834
sim_142,4.0,9.91,207.67,0.1,1.0,0.3,0.3,58.0,375.3965517241379,258.4624257128118,4139.0,2.3290224525856646,0.9378659630583059
sim_143,4.0,9.86,203.36,0.1,1.0,0.3,0.3,51.0,422.72549019607845,310.58155939547413,4133.0,2.352276404376498,0.9801152304735
sim_144,4.0,5.2,301.63,0.1,1.0,0.3,0.3,50.0,443.4,316.0838496348714,3808.0,2.3797337131348244,0.9563464576221938
sim_145,4.0,9.28,286.74,0.1,1.0,0.3,0.3,58.0,376.36206896551727,253.01292717933865,4224.0,2.184287625664637,0.9014956386750645
sim_146,4.0,9.4,412.44,0.1,1.0,0.3,0.3,70.0,316.9428571428571,258.68965884208967,4289.0,1.8781908445894897,0.678092032028023
sim_147,4.0,7.79,544.06,0.1,1.0,0.3,0.3,58.0,396.7068965517241,291.0813968765609,4161.0,1.7739578016812398,0.6233152712867477
sim_148,4.0,9.34,542.71,0.1,1.0,0.3,0.3,70.0,344.4,233.53588895193695,4201.0,1.773249682589938,0.6415946107970926
sim_149,4.0,9.92,382.5,0.1,1.0,0.3,0.3,58.0,379.2586206896552,314.8983174879126,4375.0,1.9136106981535859,0.7462150849822082
sim_50,4.0,5.05,58.6,0.1,1.0,0.3,0.3,23.0,719.0,582.0934483471667,2672.0,4.3140138629243765,1.8467855115918685
sim_51,4.0,3.33,94.8,0.1,1.0,0.3,0.3,17.0,1122.6470588235295,942.7131646087497,2446.0,4.8716537647852585,2.205328467973559
sim_52,4.0,1.57,45.09,0.1,1.0,0.3,0.3,3.0,1486.3333333333333,1891.8677426172148,1671.0,7.1709522553955045,3.85291425276614
sim_53,4.0,2.76,114.28,0.1,1.0,0.3,0.3,20.0,851.85,828.300807376161,2514.0,4.402327310150808,1.8972679385350715
sim_54,4.0,7.04,159.24,0.1,1.0,0.3,0.3,41.0,495.3414634146341,319.45644458689884,3586.0,2.8493983449090594,1.1413013546004311
sim_55,4.0,2.06,155.82,0.1,1.0,0.3,0.3,27.0,729.9629629629629,529.9717310058103,2916.0,3.6617963753064466,1.6339460033098436
sim_56,4.0,8.0,267.5,0.1,1.0,0.3,0.3,58.0,375.94827586206895,268.48633320472203,3954.0,2.298385632405165,0.8683865553940362
sim_57,4.0,10.47,278.65,0.1,1.0,0.3,0.3,64.0,332.15625,228.8570254240352,4369.0,2.0946672709026934,0.8510546103637129
sim_58,4.0,3.4,367.74,0.1,1.0,0.3,0.3,56.0,393.5357142857143,278.75917437085076,3848.0,2.192935466221676,0.8150256985027956
sim_59,4.0,3.45,575.53,0.1,1.0,0.3,0.3,61.0,394.24590163934425,278.85542736057573,3930.0,1.818480931397325,0.6350631615773858
sim_130,4.0,3.04,72.46,0.1,1.0,0.3,0.3,14.0,918.1428571428571,895.8820758769266,2402.0,4.933922967716623,2.2577171537802374
sim_131,4.0,6.41,148.83,0.1,1.0,0.3,0.3,35.0,576.5714285714286,431.48496320194954,3424.0,3.060085637804612,1.3154854835862844
sim_132,4.0,9.2,48.27,0.1,1.0,0.3,0.3,22.0,557.4545454545455,596.2824016180075,3711.0,3.0363810416611097,1.4832240659539022
sim_133,4.0,11.55,121.1,0.1,1.0,0.3,0.3,45.0,437.6,289.40432308834335,4133.0,2.5105378395010947,1.1363094968023384
sim_134,4.0,2.16,250.27,0.1,1.0,0.3,0.3,45.0,437.6666666666667,367.6202751028113,3315.0,2.7315370875572564,1.0733024461015266
sim_135,4.0,7.09,276.91,0.1,1.0,0.3,0.3,51.0,429.4313725490196,299.4750475645715,3695.0,2.4249781635642003,0.9883601252019952
sim_136,4.0,7.18,360.97,0.1,1.0,0.3,0.3,56.0,396.25,332.6334452946237,4079.0,2.1045531841742315,0.8465961141785909
sim_137,4.0,2.48,425.63,0.1,1.0,0.3,0.3,55.0,406.6181818181818,313.94617320397697,3774.0,2.135400560605517,0.8015623354519231
sim_138,4.0,1.26,212.61,0.1,1.0,0.3,0.3,31.0,637.0967741935484,542.5945052121044,3194.0,3.158625513598546,1.4000551311169132
sim_139,4.0,13.91,594.31,0.1,1.0,0.3,0.3,64.0,348.515625,358.99408039111086,4483.0,1.5936041240691943,0.5663808444032317
sim_150,4.0,4.66,176.13,0.1,1.0,0.3,0.3,36.0,585.0,300.3424896865429,3200.0,3.1780818876743653,1.4033827044809057
sim_151,4.0,6.15,211.27,0.1,1.0,0.3,0.3,43.0,502.5348837209302,293.5226585950519,3637.0,2.666982446565087,1.1031191857341454
sim_152,4.0,12.24,38.7,0.1,1.0,0.3,0.3,0.0,0.0,0.0,2719.0,2.234093453033235,0.9436103810588481
sim_153,4.0,5.85,358.16,0.1,1.0,0.3,0.3,54.0,405.6666666666667,261.3293650492364,3965.0,2.1418043980319985,0.8299640817921663
sim_154,4.0,6.92,394.37,0.1,1.0,0.3,0.3,56.0,409.0892857142857,286.62203065471545,4032.0,2.0592398593845913,0.8183822184590671
sim_155,4.0,3.63,444.73,0.1,1.0,0.3,0.3,57.0,393.7368421052632,309.9572424568124,3973.0,2.0187611056597414,0.742688176591447
sim_156,4.0,8.49,405.42,0.1,1.0,0.3,0.3,63.0,363.04761904761904,287.84466868083877,4160.0,1.9473191266295895,0.7275592414585932
sim_157,4.0,2.97,410.18,0.1,1.0,0.3,0.3,50.0,464.88,328.360755267739,3810.0,2.1371397012402804,0.8524066822683773
sim_158,4.0,3.15,508.78,0.1,1.0,0.3,0.3,58.0,405.7241379310345,329.44518633100506,3781.0,2.000375071783575,0.7460247966433109
sim_159,4.0,13.68,524.88,0.1,1.0,0.3,0.3,65.0,377.5846153846154,304.2667297622871,4576.0,1.6474914747740552,0.5869896128397626
sim_20,4.0,7.93,135.03,0.1,1.0,0.3,0.3,44.0,471.34090909090907,295.68287243890035,3650.0,2.8908228020673583,1.2027905764858
sim_21,4.0,11.13,111.69,0.1,1.0,0.3,0.3,39.0,421.3333333333333,341.8831209288759,4087.0,2.5569784538849065,1.098481576357177
sim_22,4.0,4.76,249.43,0.1,1.0,0.3,0.3,47.0,439.1063829787234,330.63087562522713,3647.0,2.6033314088572412,1.0759556945087339
sim_23,4.0,2.84,295.29,0.1,1.0,0.3,0.3,49.0,413.18367346938777,420.1204236236193,3655.0,2.4660267629734958,0.9954606102000642
sim_24,4.0,4.11,308.75,0.1,1.0,0.3,0.3,50.0,445.0,314.1677895647483,3674.0,2.4214102390688153,0.9671386162369665
sim_25,4.0,3.3,489.99,0.1,1.0,0.3,0.3,58.0,392.6896551724138,260.0299191602801,3867.0,1.955236582850932,0.6997823709408153
sim_26,4.0,12.92,254.9,0.1,1.0,0.3,0.3,62.0,331.4516129032258,288.02652641163695,4645.0,2.03115362739285,0.8260632519900607
sim_27,4.0,9.16,451.52,0.1,1.0,0.3,0.3,65.0,348.7846153846154,232.40458702660305,4287.0,1.860902644375585,0.6682328685997608
sim_28,4.0,7.87,434.59,0.1,1.0,0.3,0.3,64.0,348.796875,318.030618597069,4152.0,1.9508201438728767,0.7452057398975042
sim_29,4.0,14.07,341.33,0.1,1.0,0.3,0.3,58.0,356.94827586206895,334.27664685849413,4802.0,1.8352369953963947,0.725194918409652
sim_220,4.0,8.34,152.62,0.1,1.0,0.3,0.3,44.0,458.95454545454544,288.4481956439456,3583.0,2.8170147588474834,1.1968939452133003
sim_221,4.0,10.3,154.41,0.1,1.0,0.3,0.3,53.0,388.8867924528302,283.4778391642966,4086.0,2.4939549557435416,1.0559310776924622
sim_222,4.0,12.11,193.97,0.1,1.0,0.3,0.3,56.0,365.2142857142857,249.39030757069145,4375.0,2.250795859360249,0.9340408370093063
sim_223,4.0,6.73,371.86,0.1,1.0,0.3,0.3,57.0,403.50877192982455,260.4641688531967,4111.0,2.0427864621755707,0.7461721802909339
sim_224,4.0,3.13,384.11,0.1,1.0,0.3,0.3,52.0,436.9807692307692,301.97233001007885,3720.0,2.181634228975463,0.8431501636657138
sim_225,4.0,5.31,571.3,0.1,1.0,0.3,0.3,60.0,415.98333333333335,325.28569451415405,4146.0,1.7922020691827363,0.6789326288837466
sim_226,4.0,11.92,538.76,0.1,1.0,0.3,0.3,65.0,364.61538461538464,337.07217635249265,4502.0,1.682934143133391,0.6070686241919264
sim_227,4.0,12.6,484.77,0.1,1.0,0.3,0.3,69.0,338.3623188405797,361.11690551633757,4595.0,1.7250992610590399,0.6434451477016023
sim_228,4.0,12.26,436.54,0.1,1.0,0.3,0.3,68.0,320.9264705882353,292.93450965423443,4570.0,1.7750526249340188,0.6724965695416334
sim_229,4.0,14.53,527.16,0.1,1.0,0.3,0.3,54.0,426.9259259259259,516.4221590567967,4660.0,1.6290851988371233,0.56749192079347
sim_240,4.0,7.53,166.27,0.1,1.0,0.3,0.3,48.0,425.7291666666667,304.72725096820415,3691.0,2.7502309374157576,1.1027077038723985
sim_241,4.0,3.19,292.97,0.1,1.0,0.3,0.3,45.0,470.73333333333335,337.92671131803445,3591.0,2.483230425611649,1.0200356893712905
sim_242,4.0,1.03,124.86,0.1,1.0,0.3,0.3,19.0,939.3157894736842,973.0616928909211,2539.0,4.575717380348595,2.1874067353722038
sim_243,4.0,14.33,216.7,0.1,1.0,0.3,0.3,43.0,430.2325581395349,401.7183345769974,4800.0,2.0187453048108948,0.8652316034665527
sim_244,4.0,6.52,589.65,0.1,1.0,0.3,0.3,59.0,421.64406779661016,294.04592992504917,3920.0,1.7737382546409821,0.6318708469999786
sim_245,4.0,2.8,500.46,0.1,1.0,0.3,0.3,53.0,415.9811320754717,300.5212760851559,3917.0,1.9725189489736379,0.7833496670173008
sim_246,4.0,2.61,472.72,0.1,1.0,0.3,0.3,53.0,438.4339622641509,322.0721534906608,3870.0,2.0124523250215813,0.7509920957555576
sim_247,4.0,14.96,284.27,0.1,1.0,0.3,0.3,46.0,379.9130434782609,354.2791104351726,4887.0,1.8660609401220651,0.7346505228682212
sim_248,4.0,14.16,519.08,0.1,1.0,0.3,0.3,61.0,383.21311475409834,439.99773154236766,4622.0,1.6464346587683034,0.5936573326783411
sim_249,4.0,13.45,505.76,0.1,1.0,0.3,0.3,65.0,320.4153846153846,292.9551760046731,4599.0,1.6838170522100222,0.6161083065553269
sim_30,4.0,4.82,140.52,0.1,1.0,0.3,0.3,31.0,550.1290322580645,451.1685717388456,2996.0,3.438500054815631,1.4111946630561791
sim_31,4.0,9.37,150.77,0.1,1.0,0.3,0.3,47.0,429.27659574468083,268.7460006334906,3866.0,2.6670461713090368,1.2145244266844564
sim_32,4.0,5.56,199.17,0.1,1.0,0.3,0.3,42.0,480.73809523809524,370.5921297653135,3553.0,2.79318884450186,1.1459537805380149
sim_33,4.0,10.96,105.45,0.1,1.0,0.3,0.3,44.0,430.70454545454544,327.14714367651516,4249.0,2.464332806393496,1.0424158365373182
sim_34,4.0,8.86,241.1,0.1,1.0,0.3,0.3,54.0,390.05555555555554,290.9820165416022,3977.0,2.3464148041766104,0.9402545280683355
sim_35,4.0,11.66,246.02,0.1,1.0,0.3,0.3,59.0,355.64406779661016,279.36658152253756,4443.0,2.0862988229449138,0.8316830115416673
sim_36,4.0,3.72,440.57,0.1,1.0,0.3,0.3,56.0,415.69642857142856,366.1105863203307,3833.0,2.0848539391461727,0.814911427541787
sim_37,4.0,8.78,447.84,0.1,1.0,0.3,0.3,59.0,380.2542372881356,278.977102105163,4191.0,1.897256467919876,0.7112538116961176
sim_38,4.0,8.05,552.64,0.1,1.0,0.3,0.3,64.0,369.03125,284.9741747482349,4053.0,1.7751512205432622,0.6078158992626493
sim_39,4.0,14.73,270.3,0.1,1.0,0.3,0.3,48.0,424.75,317.2865752491481,4812.0,1.887377979952801,0.7577138066749609
sim_230,4.0,7.69,33.03,0.1,1.0,0.3,0.3,30.0,511.0,509.3046239727262,3268.0,3.5218259730115036,1.547014364422177
sim_231,4.0,3.79,78.63,0.1,1.0,0.3,0.3,18.0,789.6666666666666,747.5690975124343,2430.0,4.691293253187125,2.060504083379002
sim_232,4.0,2.88,84.11,0.1,1.0,0.3,0.3,18.0,1031.4444444444443,956.6544262992905,2450.0,4.747174326815652,2.053729606977866
sim_233,4.0,2.26,74.04,0.1,1.0,0.3,0.3,10.0,1578.5,1393.959271284495,2195.0,5.628612274998444,2.8839038704981865
sim_234,4.0,2.65,220.49,0.1,1.0,0.3,0.3,35.0,509.62857142857143,430.6317011563551,3256.0,2.965461144773515,1.282425490004582
sim_235,4.0,4.32,442.32,0.1,1.0,0.3,0.3,54.0,446.51851851851853,312.3264994355379,3817.0,2.054711416978747,0.7908370507100739
sim_236,4.0,3.7,421.96,0.1,1.0,0.3,0.3,56.0,407.26785714285717,327.3798847926316,3852.0,2.088424633029127,0.8055226676815795
sim_237,4.0,12.65,372.95,0.1,1.0,0.3,0.3,72.0,304.6388888888889,205.6668223632282,4563.0,1.8527979582619811,0.6775668023622723
sim_238,4.0,11.33,510.08,0.1,1.0,0.3,0.3,61.0,395.2295081967213,355.6212017431839,4352.0,1.74128958629301,0.6404966388003744
sim_239,4.0,14.63,489.02,0.1,1.0,0.3,0.3,59.0,386.5593220338983,525.9364294635128,4674.0,1.6675860239336258,0.596548898531922
sim_40,4.0,4.59,130.59,0.1,1.0,0.3,0.3,30.0,614.6,515.7100994421834,3023.0,3.496265444358267,1.517701786697182
sim_41,4.0,8.55,93.92,0.1,1.0,0.3,0.3,48.0,379.3958333333333,254.4654314754211,3559.0,2.961497422066391,1.2562748394803236
sim_42,4.0,5.4,177.28,0.1,1.0,0.3,0.3,37.0,551.3783783783783,353.79818276398777,3233.0,3.096693084400631,1.2974218940230131
sim_43,4.0,11.4,138.52,0.1,1.0,0.3,0.3,52.0,352.4807692307692,219.47993516007296,4172.0,2.4245514774051427,1.0053914055625206
sim_44,4.0,9.08,23.05,0.1,1.0,0.3,0.3,9.0,23.555555555555557,11.314799660534193,3894.0,2.289704749692509,0.9324570196493766
sim_45,4.0,7.72,374.47,0.1,1.0,0.3,0.3,57.0,412.56140350877195,284.03317186701486,3984.0,2.1148331005640757,0.8704318695276859
sim_46,4.0,4.92,423.54,0.1,1.0,0.3,0.3,53.0,427.22641509433964,300.37490043556693,3918.0,2.041541212699872,0.7687099517144171
sim_47,4.0,10.12,463.66,0.1,1.0,0.3,0.3,57.0,413.29824561403507,280.97611591774194,4217.0,1.8682669235612313,0.7156725450752794
sim_48,4.0,12.84,379.44,0.1,1.0,0.3,0.3,70.0,323.1142857142857,242.253618157096,4747.0,1.7916791676506898,0.6836419195861083
sim_49,4.0,11.83,468.58,0.1,1.0,0.3,0.3,71.0,310.2112676056338,281.51030879445267,4509.0,1.744481642787798,0.6314971710997713
sim_250,4.0,5.47,57.13,0.1,1.0,0.3,0.3,22.0,690.6818181818181,486.16284087869127,2734.0,4.285556084828465,2.016608138784953
sim_251,4.0,3.95,99.0,0.1,1.0,0.3,0.3,27.0,722.7407407407408,883.7594189384429,2716.0,4.106797067674262,1.7706841645193645
sim_252,4.0,6.66,215.7,0.1,1.0,0.3,0.3,51.0,399.98039215686276,298.3179308235202,3723.0,2.5702935497004185,1.0031296108977685
sim_253,4.0,1.8,219.68,0.1,1.0,0.3,0.3,35.0,572.4857142857143,417.89003142854096,3192.0,3.075837815398794,1.347418837198165
sim_254,4.0,10.89,205.95,0.1,1.0,0.3,0.3,56.0,346.67857142857144,265.99127987471275,4253.0,2.306201537196274,0.977665083175513
sim_255,4.0,9.77,344.11,0.1,1.0,0.3,0.3,58.0,362.7586206896552,291.5353122483667,4267.0,2.0491382504275424,0.7963482069582898
sim_256,4.0,10.75,386.22,0.1,1.0,0.3,0.3,61.0,367.5081967213115,311.32306887139333,4312.0,1.9535500765603444,0.7764902376042055
sim_257,4.0,8.38,427.13,0.1,1.0,0.3,0.3,59.0,378.47457627118644,271.68890209783234,4158.0,1.9433363067424567,0.7538709065708358
sim_258,4.0,11.95,419.79,0.1,1.0,0.3,0.3,71.0,306.84507042253523,281.19226282542405,4461.0,1.814063474005842,0.6612575783702938
sim_259,4.0,12.03,415.06,0.1,1.0,0.3,0.3,65.0,344.38461538461536,357.4218232891126,4437.0,1.838203184274774,0.7072529316984172
